ticker,company,sector,financial_year,period_end,market_cap_cr,revenue_cr,gross_profit_cr,operating_income_cr,ebitda_cr,interest_expense_cr,net_profit_cr,total_assets_cr,total_liabilities_cr,total_equity_cr,current_assets_cr,current_liabilities_cr,inventory_cr,operating_cash_flow_cr,free_cash_flow_cr,capital_expenditure_cr
ADANIENT.NS,Adani Enterprises,Conglomerate,2022,2022-03-31,418452.07583807834,,,,,,,,,,,,,,,
ADANIENT.NS,Adani Enterprises,Conglomerate,2023,2023-03-31,418452.07583807834,127389.65,20618.0,6827.98,8677.43,3003.37,2463.98,141487.82,103597.77,33051.01,37282.28,44803.05,6918.05,17626.46,2901.74,-14724.72
ADANIENT.NS,Adani Enterprises,Conglomerate,2024,2024-03-31,418452.07583807834,96316.15,31148.84,9012.87,11686.52,3719.46,3240.78,160731.85,116545.56,39076.09,37026.9,44651.69,9486.86,10312.19,-12053.72,-22365.91
ADANIENT.NS,Adani Enterprises,Conglomerate,2025,2025-03-31,418452.07583807834,97711.08,32760.82,10443.09,19577.67,4887.6,7099.0,198135.54,141665.09,50313.97,40944.22,47383.15,10287.39,4513.1,-25366.04,-29879.14
ADANIENT.NS,Adani Enterprises,Conglomerate,2026,2026-03-31,418452.07583807834,100267.02,26200.93,8437.76,26052.91,6392.91,9339.47,261600.35,172422.1,80925.95,61176.04,58912.25,18712.98,2356.91,-31012.21,-33369.12
ADANIPORTS.NS,Adani Ports,Services,2022,2022-03-31,431808.0028973597,,,,,,,,,,,,,,,
ADANIPORTS.NS,Adani Ports,Services,2023,2023-03-31,431808.0028973597,20851.91,11790.15,9512.75,11468.66,2557.06,5308.85,114763.09,67846.11,45555.92,17596.39,12530.12,451.97,11899.5,2758.46,-9141.04
ADANIPORTS.NS,Adani Ports,Services,2024,2024-03-31,431808.0028973597,26710.56,15398.77,12153.2,16693.7,2711.51,8110.64,118917.87,64374.87,52944.77,17472.36,16462.94,437.51,15017.58,7601.28,-7416.3
ADANIPORTS.NS,Adani Ports,Services,2025,2025-03-31,431808.0028973597,30475.33,18384.38,14116.9,20095.23,2686.68,11092.31,135332.23,70358.89,62435.39,18944.12,20985.99,521.8,17226.28,9177.36,-8048.92
ADANIPORTS.NS,Adani Ports,Services,2026,2026-03-31,431808.0028973597,38735.77,23433.14,17450.82,24117.31,3751.37,12806.21,185314.76,86333.28,96125.3,21974.83,15760.35,685.0,20356.25,5035.94,-15320.31
APOLLOHOSP.NS,Apollo Hospitals,Healthcare,2022,2022-03-31,127874.88470295,,,,,,,,,,,,,,,
APOLLOHOSP.NS,Apollo Hospitals,Healthcare,2023,2023-03-31,127874.88470295,16444.8,7870.5,1449.2,2072.8,313.7,819.1,14427.8,7896.5,6197.4,4337.0,3324.9,390.1,1376.9,248.4,-1128.5
APOLLOHOSP.NS,Apollo Hospitals,Healthcare,2024,2024-03-31,127874.88470295,18862.3,9056.8,1707.3,2477.6,410.1,898.6,16753.1,9432.6,6935.4,5279.7,4664.5,459.8,1920.2,783.4,-1136.8
APOLLOHOSP.NS,Apollo Hospitals,Healthcare,2025,2025-03-31,127874.88470295,21794.0,10484.0,2264.3,3255.1,458.5,1445.9,20657.4,12004.5,8212.3,7028.9,4578.9,480.8,2136.4,423.7,-1712.7
APOLLOHOSP.NS,Apollo Hospitals,Healthcare,2026,2026-03-31,127874.88470295,25228.5,12152.9,2893.2,3986.6,449.6,1941.7,22196.9,12222.4,9480.1,6899.8,6481.3,542.4,2855.7,893.7,-1962.0
ASIANPAINT.NS,Asian Paints,Consumer Durables,2022,2022-03-31,262457.63976598036,,,,,,,,,,,,,,,
ASIANPAINT.NS,Asian Paints,Consumer Durables,2023,2023-03-31,262457.63976598036,34388.71,13142.42,5486.06,6691.3,144.45,4106.45,25798.0,9352.11,15992.23,16535.16,7895.93,6210.64,4193.43,2747.82,-1445.61
ASIANPAINT.NS,Asian Paints,Consumer Durables,2024,2024-03-31,262457.63976598036,35395.42,15221.12,6761.98,8405.94,205.17,5460.23,29924.09,10500.41,18728.3,17537.06,8500.96,5923.41,6103.6,3607.52,-2496.08
ASIANPAINT.NS,Asian Paints,Consumer Durables,2025,2025-03-31,262457.63976598036,33815.17,14222.81,4987.71,6356.43,227.02,3667.23,30371.37,10312.32,19399.81,16991.68,8141.23,6719.27,4423.96,2593.89,-1830.07
ASIANPAINT.NS,Asian Paints,Consumer Durables,2026,2026-03-31,262457.63976598036,35540.9,15421.41,5607.19,7427.7,195.41,4325.35,34534.49,12519.51,21371.59,20184.64,9137.03,5743.69,7088.18,5600.86,-1487.32
AXISBANK.NS,Axis Bank,Financial Services,2022,2022-03-31,417497.52509841684,,,,,,,,,,,,,,,
AXISBANK.NS,Axis Bank,Financial Services,2023,2023-03-31,417497.52509841684,62415.84,,,,43389.15,10818.45,1344417.96,1214242.86,129781.71,,,,22074.78,20685.36,-1389.42
AXISBANK.NS,Axis Bank,Financial Services,2024,2024-03-31,417497.52509841684,76603.04,,,,61390.74,26386.2,1518238.53,1360715.57,157023.52,,,,-5554.67,-7940.08,-2385.41
AXISBANK.NS,Axis Bank,Financial Services,2025,2025-03-31,417497.52509841684,84668.33,,,,71036.31,28055.11,1656962.61,1469091.99,187235.49,,,,44383.68,41938.14,-2445.54
AXISBANK.NS,Axis Bank,Financial Services,2026,2026-03-31,417497.52509841684,88067.31,,,,74074.99,26384.85,1946050.29,1730216.75,215035.35,,,,-8636.71,-10846.71,-2210.0
BAJAJ-AUTO.NS,Bajaj Auto,Automobile,2022,2022-03-31,273281.35432715,,,,,,,,,,,,,,,
BAJAJ-AUTO.NS,Bajaj Auto,Automobile,2023,2023-03-31,273281.35432715,35391.52,8733.77,6062.54,8167.34,39.51,6060.21,35136.45,5774.9,29361.54,9650.39,5270.74,1563.55,5277.42,4167.22,-1110.2
BAJAJ-AUTO.NS,Bajaj Auto,Automobile,2024,2024-03-31,273281.35432715,43782.08,11394.13,8271.3,10465.17,60.36,7708.24,39365.68,10403.26,28962.41,11847.01,9099.41,1688.75,6551.53,5828.69,-722.84
BAJAJ-AUTO.NS,Bajaj Auto,Automobile,2025,2025-03-31,273281.35432715,49266.95,13493.75,10058.05,11026.66,388.9,7324.73,54198.61,19009.86,35188.74,19445.93,11583.81,2077.36,-1405.57,-2279.41,-873.84
BAJAJ-AUTO.NS,Bajaj Auto,Automobile,2026,2026-03-31,273281.35432715,60386.43,17409.42,12857.68,15763.83,1167.6,10744.21,77222.99,37002.57,38831.99,34051.73,19338.16,6294.49,2596.6,1874.28,-722.32
BAJAJFINSV.NS,Bajaj Finserv,Financial Services,2022,2022-03-31,303013.2319096718,,,,,,,,,,,,,,,
BAJAJFINSV.NS,Bajaj Finserv,Financial Services,2023,2023-03-31,303013.2319096718,73845.92,,29012.55,,12201.42,6417.28,405509.19,327911.11,46407.34,,,,-39479.54,-40700.03,-1220.49
BAJAJFINSV.NS,Bajaj Finserv,Financial Services,2024,2024-03-31,303013.2319096718,99880.07,,39774.54,,18399.51,8147.79,537929.63,434153.8,60328.62,,,,-65502.04,-66937.5,-1435.46
BAJAJFINSV.NS,Bajaj Finserv,Financial Services,2025,2025-03-31,303013.2319096718,113998.89,,48057.91,,24309.7,8872.31,652231.61,523797.38,72395.31,,,,-61750.42,-63613.99,-1863.57
BAJAJFINSV.NS,Bajaj Finserv,Financial Services,2026,2026-03-31,303013.2319096718,127897.19,,55114.93,,28231.78,9800.97,758497.54,617532.26,77914.53,,,,-55301.41,-56749.59,-1448.18
BAJFINANCE.NS,Bajaj Finance,Financial Services,2022,2022-03-31,641311.7804754021,,,,,,,,,,,,,,,
BAJFINANCE.NS,Bajaj Finance,Financial Services,2023,2023-03-31,641311.7804754021,26966.9,,,,12559.89,11507.69,275226.31,220854.33,54371.98,,,,-42111.79,-42990.11,-878.32
BAJFINANCE.NS,Bajaj Finance,Financial Services,2024,2024-03-31,641311.7804754021,34326.32,,,,18724.69,14451.17,375741.62,299046.27,76695.35,,,,-69843.31,-70881.09,-1037.78
BAJFINANCE.NS,Bajaj Finance,Financial Services,2025,2025-03-31,641311.7804754021,41479.57,,,,24769.75,16637.82,466126.83,367189.94,96692.87,,,,-67791.64,-68873.46,-1081.82
BAJFINANCE.NS,Bajaj Finance,Financial Services,2026,2026-03-31,641311.7804754021,49665.45,,,,28665.95,19017.39,559952.36,442966.82,113999.02,,,,-65789.8,-66750.9,-961.1
BHARTIARTL.NS,Bharti Airtel,Telecom,2022,2022-03-31,1191833.2575088588,,,,,,,,,,,,,,,
BHARTIARTL.NS,Bharti Airtel,Telecom,2023,2023-03-31,1191833.2575088588,139144.8,87872.2,35198.6,67288.0,14295.5,8345.9,446633.2,340188.9,77562.9,57501.3,121963.8,257.6,65324.6,38786.1,-26538.5
BHARTIARTL.NS,Bharti Airtel,Telecom,2024,2024-03-31,1191833.2575088588,149982.4,96430.3,37231.6,68172.5,15955.9,7467.0,444531.0,338967.1,82018.8,58276.1,138667.8,363.9,78898.2,38846.7,-40051.5
BHARTIARTL.NS,Bharti Airtel,Telecom,2025,2025-03-31,1191833.2575088588,172985.2,118480.6,47588.9,105722.7,21753.9,33556.1,514360.4,360892.7,113671.9,67588.8,180440.2,451.7,98332.2,37641.8,-60690.4
BHARTIARTL.NS,Bharti Airtel,Telecom,2026,2026-03-31,1191833.2575088588,210972.8,150308.3,66963.7,119438.8,21555.3,26695.2,552151.6,356188.2,149056.6,90215.4,174505.7,600.9,122229.6,75828.8,-46400.8
BPCL.NS,Bharat Petroleum,Oil & Gas,2022,2022-03-31,131659.70028453117,,,,,,,,,,,,,,,
BPCL.NS,Bharat Petroleum,Oil & Gas,2023,2023-03-31,131659.70028453117,466257.73,20375.02,7423.37,13120.24,3930.29,2131.05,188138.19,134615.83,53522.36,56042.35,74871.13,38069.19,12465.6,3916.98,-8548.62
BPCL.NS,Bharat Petroleum,Oil & Gas,2024,2024-03-31,131659.70028453117,446666.26,57529.52,37673.74,47066.11,4100.41,26858.84,202417.75,126782.64,75635.11,65694.11,80883.38,42836.13,35969.63,26390.5,-9579.13
BPCL.NS,Bharat Petroleum,Oil & Gas,2025,2025-03-31,131659.70028453117,440271.86,47718.26,18144.69,29030.43,3591.44,13336.55,218382.22,136998.14,81384.08,72832.22,90672.0,45265.19,23677.79,8534.67,-15143.12
BPCL.NS,Bharat Petroleum,Oil & Gas,2026,2026-03-31,131659.70028453117,455228.03,68185.75,33345.8,45601.1,2953.49,25843.45,248616.03,148445.77,100170.26,83718.87,105452.42,53303.95,50768.99,31344.17,-19424.82
BRITANNIA.NS,Britannia Industries,FMCG,2022,2022-03-31,129563.0564184,,,,,,,,,,,,,,,
BRITANNIA.NS,Britannia Industries,FMCG,2023,2023-03-31,129563.0564184,15984.9,6343.27,2610.59,3424.39,165.71,2321.77,9352.72,5788.22,3534.27,4746.23,4134.4,1193.26,2526.21,1814.75,-711.46
BRITANNIA.NS,Britannia Industries,FMCG,2024,2024-03-31,129563.0564184,16546.21,6998.09,2869.38,3376.07,162.14,2139.81,9073.56,5107.54,3941.52,4848.66,4084.41,1181.22,2572.98,2020.11,-552.87
BRITANNIA.NS,Britannia Industries,FMCG,2025,2025-03-31,129563.0564184,17535.02,6930.97,2873.81,3378.71,138.8,2178.73,8838.55,4457.23,4355.72,3913.68,3618.26,1236.51,2490.62,2115.77,-374.85
BRITANNIA.NS,Britannia Industries,FMCG,2026,2026-03-31,129563.0564184,18858.21,7725.33,3207.6,3738.37,112.76,2533.49,9731.94,4596.06,5106.56,4677.66,4179.99,1345.93,2611.6,2406.03,-205.57
CIPLA.NS,Cipla,Pharmaceuticals,2022,2022-03-31,117800.00003456279,,,,,,,,,,,,,,,
CIPLA.NS,Cipla,Pharmaceuticals,2023,2023-03-31,117800.00003456279,22473.18,13512.55,4017.87,5152.1,94.56,2801.91,29463.28,5749.74,23407.78,17274.95,5109.67,5156.43,3237.65,2054.76,-1182.89
CIPLA.NS,Cipla,Pharmaceuticals,2024,2024-03-31,117800.00003456279,25446.63,15854.25,5368.66,6824.05,71.13,4121.55,32717.82,5915.49,26706.43,19441.41,5245.77,5237.95,4133.91,2784.61,-1349.3
CIPLA.NS,Cipla,Pharmaceuticals,2025,2025-03-31,117800.00003456279,27145.4,17382.66,6144.22,7860.28,44.02,5272.52,37387.04,6097.79,31193.45,23288.52,5483.96,5642.11,5004.98,3456.78,-1548.2
CIPLA.NS,Cipla,Pharmaceuticals,2026,2026-03-31,117800.00003456279,27711.69,17259.6,4845.52,6355.48,48.23,3879.23,42495.98,7975.74,34431.95,24147.03,7013.59,6596.72,3940.02,860.71,-3079.31
COALINDIA.NS,Coal India,Metals & Mining,2022,2022-03-31,270358.8992283517,,,,,,,,,,,,,,,
COALINDIA.NS,Coal India,Metals & Mining,2023,2023-03-31,270358.8992283517,127429.03,104478.49,37676.34,50687.44,546.09,31763.23,222430.66,160817.04,60842.93,108083.71,68773.42,8154.68,35733.97,20415.86,-15318.11
COALINDIA.NS,Coal India,Metals & Mining,2024,2024-03-31,270358.8992283517,127074.41,107404.15,41341.23,56292.02,734.92,37402.29,237672.26,154090.36,82729.78,103883.36,61272.54,10177.23,18103.1,1281.76,-16821.34
COALINDIA.NS,Coal India,Metals & Mining,2025,2025-03-31,270358.8992283517,169177.37,151141.7,38112.84,57139.25,883.65,35505.78,260198.37,160247.68,99104.92,96193.42,64741.65,12613.7,30236.9,15904.76,-14332.14
COALINDIA.NS,Coal India,Metals & Mining,2026,2026-03-31,270358.8992283517,168400.29,149920.64,31105.32,53276.02,1216.26,31094.29,285660.27,164655.7,119101.56,125527.61,67651.11,15654.3,43214.6,30714.96,-12499.64
DIVISLAB.NS,Divi's Laboratories,Pharmaceuticals,2022,2022-03-31,179377.119506,,,,,,,,,,,,,,,
DIVISLAB.NS,Divi's Laboratories,Pharmaceuticals,2023,2023-03-31,179377.119506,7665.0,4487.0,2027.0,2712.0,0.0,1824.0,14439.0,1672.0,12767.0,9312.0,1101.0,3000.0,2459.0,1986.0,-473.0
DIVISLAB.NS,Divi's Laboratories,Pharmaceuticals,2024,2024-03-31,179377.119506,7796.0,4527.0,1832.0,2544.0,3.0,1600.0,15470.0,1899.0,13571.0,9675.0,1278.0,3184.0,1261.0,258.0,-1003.0
DIVISLAB.NS,Divi's Laboratories,Pharmaceuticals,2025,2025-03-31,179377.119506,9360.0,5635.0,2566.0,3320.0,2.0,2191.0,16932.0,1963.0,14969.0,10081.0,1452.0,3236.0,1653.0,215.0,-1438.0
DIVISLAB.NS,Divi's Laboratories,Pharmaceuticals,2026,2026-03-31,179377.119506,10560.0,6467.0,2978.0,3874.0,23.0,2568.0,20033.0,3272.0,16761.0,11096.0,2043.0,3954.0,2738.0,218.0,-2520.0
DRREDDY.NS,Dr. Reddy's Laboratories,Pharmaceuticals,2022,2022-03-31,114422.70998426607,,,,,,,,,,,,,,,
DRREDDY.NS,Dr. Reddy's Laboratories,Pharmaceuticals,2023,2023-03-31,114422.70998426607,24587.9,13934.3,5905.4,7443.1,142.8,4506.7,32185.4,9086.3,23099.1,20425.3,8584.5,4867.0,5887.5,4000.9,-1886.6
DRREDDY.NS,Dr. Reddy's Laboratories,Pharmaceuticals,2024,2024-03-31,114422.70998426607,27916.4,16360.7,6530.8,8842.2,171.1,5568.4,38751.8,10696.8,28055.0,24804.9,9603.9,6355.2,4543.3,1799.8,-2743.5
DRREDDY.NS,Dr. Reddy's Laboratories,Pharmaceuticals,2025,2025-03-31,114422.70998426607,32553.5,19042.8,7201.4,9667.1,282.9,5654.4,49298.9,15582.3,33338.8,25011.2,13039.2,7108.5,4642.8,1203.0,-3439.8
DRREDDY.NS,Dr. Reddy's Laboratories,Pharmaceuticals,2026,2026-03-31,114422.70998426607,33593.3,17726.4,5012.3,7916.0,373.8,4285.0,57934.6,19888.9,37706.3,30197.5,16756.6,7653.1,5675.5,1833.0,-3842.5
EICHERMOT.NS,Eicher Motors,Automobile,2022,2022-03-31,201467.4621435,,,,,,,,,,,,,,,
EICHERMOT.NS,Eicher Motors,Automobile,2023,2023-03-31,201467.4621435,14175.9,5701.75,2965.26,4353.86,28.02,2913.94,19197.64,4207.36,14990.28,3683.23,3234.58,1278.44,2822.66,2140.17,-682.49
EICHERMOT.NS,Eicher Motors,Automobile,2024,2024-03-31,201467.4621435,16234.02,7014.23,3797.55,5850.5,50.88,4001.01,23127.93,5082.4,18045.53,4151.33,3598.41,1409.64,3723.71,2905.2,-818.51
EICHERMOT.NS,Eicher Motors,Automobile,2025,2025-03-31,201467.4621435,18538.21,8241.13,3982.7,6716.74,54.34,4734.44,27174.41,5877.92,21296.49,6954.16,4265.78,1563.75,3979.92,2940.59,-1039.33
EICHERMOT.NS,Eicher Motors,Automobile,2026,2026-03-31,201467.4621435,22977.57,9909.89,4944.7,8013.96,71.53,5515.23,32163.56,7063.41,25100.15,9554.25,5023.98,1967.82,4804.84,3529.58,-1275.26
GRASIM.NS,Grasim Industries,Cement,2022,2022-03-31,215719.98282820865,,,,,,,,,,,,,,,
GRASIM.NS,Grasim Industries,Cement,2023,2023-03-31,215719.98282820865,116466.65,49171.59,12259.56,20507.98,1252.26,6827.26,337205.03,214292.21,78741.99,67504.34,69532.99,11159.15,-12685.14,-24721.3,-12036.16
GRASIM.NS,Grasim Industries,Cement,2024,2024-03-31,215719.98282820865,129579.0,55550.64,14517.77,20344.65,1643.52,5624.49,412539.08,273600.7,88652.4,86365.16,92432.84,13544.78,-10719.33,-30204.36,-19485.03
GRASIM.NS,Grasim Industries,Cement,2025,2025-03-31,215719.98282820865,148477.89,67123.48,12110.36,20081.07,2802.28,3705.68,500535.7,342722.87,97509.23,93472.47,107523.71,15614.42,-17169.7,-34351.0,-17181.3
GRASIM.NS,Grasim Industries,Cement,2026,2026-03-31,215719.98282820865,175430.74,79306.54,16966.03,25738.61,3539.92,4966.48,569554.56,399689.31,103469.92,113066.27,119599.8,15428.56,-17809.6,-33435.9,-15626.3
HCLTECH.NS,HCL Technologies,Information Technology,2022,2022-03-31,308186.8287246,,,,,,,,,,,,,,,
HCLTECH.NS,HCL Technologies,Information Technology,2023,2023-03-31,308186.8287246,101456.0,43134.0,33433.0,23986.0,353.0,14851.0,93411.0,28013.0,65405.0,53577.0,21431.0,228.0,18009.0,16348.0,-1661.0
HCLTECH.NS,HCL Technologies,Information Technology,2024,2024-03-31,308186.8287246,109913.0,44948.0,34605.0,25693.0,553.0,15702.0,99777.0,31506.0,68263.0,59331.0,22726.0,185.0,22448.0,21400.0,-1048.0
HCLTECH.NS,HCL Technologies,Information Technology,2025,2025-03-31,308186.8287246,117055.0,48272.0,36582.0,27989.0,644.0,17390.0,105544.0,35871.0,69655.0,62109.0,28039.0,133.0,22261.0,21153.0,-1108.0
HCLTECH.NS,HCL Technologies,Information Technology,2026,2026-03-31,308186.8287246,130144.0,53392.0,40819.0,27326.0,869.0,16642.0,116258.0,41061.0,75165.0,70542.0,31826.0,239.0,19975.0,18553.0,-1422.0
HDFCBANK.NS,HDFC Bank,Financial Services,2022,2022-03-31,1233714.7033719127,101941.37,,,,58429.75,38600.04,2111370.55,1860425.21,250483.84,,,,58101.82,55469.38,-2632.44
HDFCBANK.NS,HDFC Bank,Financial Services,2023,2023-03-31,1233714.7033719127,120537.5,,,,77553.82,49544.69,2575562.4,2283778.61,291220.07,,,,47720.06,43358.03,-4362.03
HDFCBANK.NS,HDFC Bank,Financial Services,2024,2024-03-31,1233714.7033719127,198693.43,,,,153392.28,62265.66,4411857.3,3623239.02,694732.74,,,,102232.24,96848.44,-5383.8
HDFCBANK.NS,HDFC Bank,Financial Services,2025,2025-03-31,1233714.7033719127,237150.82,,,,182347.7,67350.83,4818767.11,3956478.01,767689.14,,,,119561.74,112922.01,-6639.73
HDFCLIFE.NS,HDFC Life Insurance,Insurance,2022,2022-03-31,123300.76094647803,,,,,,,,,,,,,,,
HDFCLIFE.NS,HDFC Life Insurance,Insurance,2023,2023-03-31,123300.76094647803,70246.3154,,1395.4912,,113.2816,1368.2771,248069.2516,235076.1102,12993.1414,,,,,6795.5925,-87.573
HDFCLIFE.NS,HDFC Life Insurance,Insurance,2024,2024-03-31,123300.76094647803,95823.27,,1681.58,,111.91,1574.08,302686.95,288020.61,14666.34,,,,,10585.41,-135.95
HDFCLIFE.NS,HDFC Life Insurance,Insurance,2025,2025-03-31,123300.76094647803,90068.53,,2019.79,,141.85,1810.82,349411.58,333256.96,16154.62,,,,,15296.35,-300.72
HDFCLIFE.NS,HDFC Life Insurance,Insurance,2026,2026-03-31,123300.76094647803,91606.22,,2190.95,,228.62,1912.32,390502.48,372752.94,17749.54,,,,,22337.97,-287.09
HEROMOTOCO.NS,Hero MotoCorp,Automobile,2022,2022-03-31,97097.1010479126,,,,,,,,,,,,,,,
HEROMOTOCO.NS,Hero MotoCorp,Automobile,2023,2023-03-31,97097.1010479126,33737.72,9703.32,3448.56,4665.88,104.87,2809.96,23917.03,7136.4,16655.57,9435.33,6012.62,1756.39,2613.84,2009.59,-604.25
HEROMOTOCO.NS,Hero MotoCorp,Automobile,2024,2024-03-31,97097.1010479126,37599.03,11966.28,4585.63,5923.93,76.37,3744.83,26152.79,8318.22,17698.92,10315.45,7048.37,1755.9,4923.07,4135.18,-787.89
HEROMOTOCO.NS,Hero MotoCorp,Automobile,2025,2025-03-31,97097.1010479126,40923.42,14012.78,5121.25,6828.8,70.65,4378.48,28390.32,8986.23,19272.04,13433.89,7475.98,2013.34,4297.39,3440.96,-856.43
HEROMOTOCO.NS,Hero MotoCorp,Automobile,2026,2026-03-31,97097.1010479126,47411.24,15731.87,6071.14,8368.84,78.27,5741.73,33452.59,11641.57,21611.19,18904.53,9904.33,2650.09,8314.62,7214.52,-1100.1
HINDALCO.NS,Hindalco Industries,Metals,2022,2022-03-31,213150.12651623922,,,,,,,,,,,,,,,
HINDALCO.NS,Hindalco Industries,Metals,2023,2023-03-31,213150.12651623922,221937.0,69280.0,15542.0,23929.0,3602.0,10097.0,224817.0,130000.0,94806.0,89311.0,60458.0,42958.0,19208.0,9471.0,-9737.0
HINDALCO.NS,Hindalco Industries,Metals,2024,2024-03-31,213150.12651623922,214807.0,68584.0,16704.0,25316.0,3783.0,10155.0,231907.0,125750.0,106146.0,82343.0,59351.0,40812.0,24056.0,8328.0,-15728.0
HINDALCO.NS,Hindalco Industries,Metals,2025,2025-03-31,213150.12651623922,237022.0,77201.0,25489.0,33547.0,3329.0,16001.0,265991.0,142270.0,123709.0,101959.0,65516.0,48801.0,24410.0,3761.0,-20649.0
HINDALCO.NS,Hindalco Industries,Metals,2026,2026-03-31,213150.12651623922,272642.0,81715.0,29293.0,30624.0,3298.0,13391.0,347795.0,211200.0,136583.0,141030.0,116509.0,75517.0,10250.0,-19846.0,-30096.0
HINDUNILVR.NS,Hindustan Unilever,FMCG,2022,2022-03-31,517192.0171188264,,,,,,,,,,,,,,,
HINDUNILVR.NS,Hindustan Unilever,FMCG,2023,2023-03-31,517192.0171188264,59549.0,26830.0,13010.0,14610.0,114.0,10120.0,73087.0,22565.0,50304.0,16998.0,12028.0,4251.0,9991.0,8799.0,-1192.0
HINDUNILVR.NS,Hindustan Unilever,FMCG,2024,2024-03-31,517192.0171188264,60966.0,30074.0,13447.0,15476.0,334.0,10277.0,78499.0,27076.0,51218.0,21324.0,12879.0,4022.0,15469.0,13992.0,-1477.0
HINDUNILVR.NS,Hindustan Unilever,FMCG,2025,2025-03-31,517192.0171188264,60573.0,29608.0,13453.0,16172.0,381.0,10649.0,79880.0,30271.0,49402.0,22051.0,16537.0,4415.0,11886.0,10611.0,-1275.0
HINDUNILVR.NS,Hindustan Unilever,FMCG,2026,2026-03-31,517192.0171188264,63763.0,30927.0,13721.0,15658.0,410.0,15040.0,79752.0,30745.0,48738.0,19021.0,15549.0,4789.0,10999.0,9638.0,-1361.0
ICICIBANK.NS,ICICI Bank,Financial Services,2022,2022-03-31,1012346.5150415496,,,,,,,,,,,,,,,
ICICIBANK.NS,ICICI Bank,Financial Services,2023,2023-03-31,1012346.5150415496,130238.4597,,,,50543.3879,34036.6408,1958490.497,1737305.9551,214497.7893,,,,-3771.1921,-6238.8729,-2467.6808
ICICIBANK.NS,ICICI Bank,Financial Services,2024,2024-03-31,1012346.5150415496,153381.9611,,,,74108.1627,44256.3735,2364063.0275,2094030.7767,256143.8346,,,,157284.4783,153605.9319,-3678.5464
ICICIBANK.NS,ICICI Bank,Financial Services,2025,2025-03-31,1012346.5150415496,205559.29,,,,89027.65,51029.2,2642241.4134,2313498.76,313905.9061,,,,122805.26,118035.26,-4770.0
ICICIBANK.NS,ICICI Bank,Financial Services,2026,2026-03-31,1012346.5150415496,223089.78,,,,89028.58,54207.7,2914497.97,2534926.6,363060.41,,,,67325.42,63595.42,-3730.0
INDUSINDBK.NS,IndusInd Bank,Financial Services,2022,2022-03-31,75914.79778894043,,,,,,,,,,,,,,,
INDUSINDBK.NS,IndusInd Bank,Financial Services,2023,2023-03-31,75914.79778894043,25467.6829,,,,18775.7967,7443.4978,457836.633,402832.0196,55004.6134,,,,-12442.275,-13013.3695,-571.0945
INDUSINDBK.NS,IndusInd Bank,Financial Services,2024,2024-03-31,75914.79778894043,29465.3778,,,,25132.2943,8977.3,515093.9711,451886.4077,63207.5634,,,,-16924.7294,-17654.7383,-730.0089
INDUSINDBK.NS,IndusInd Bank,Financial Services,2025,2025-03-31,75914.79778894043,26721.75,,,,29636.35,2575.54,554107.1158,489271.429,64835.6868,,,,18277.79,17546.8,-730.99
INDUSINDBK.NS,IndusInd Bank,Financial Services,2026,2026-03-31,75914.79778894043,25211.38,,,,28268.49,889.34,543393.92,477654.29,65739.63,,,,992.89,300.98,-691.91
INFY.NS,Infosys,Information Technology,2022,2022-03-31,424003.71190752415,,,,,,,,,,,,,,,
INFY.NS,Infosys,Information Technology,2023,2023-03-31,424003.71190752415,1821.2,550.3,382.5,468.4,3.5,298.1,1531.2,608.8,917.2,862.6,476.9,,285.3,253.4,-31.9
INFY.NS,Infosys,Information Technology,2024,2024-03-31,424003.71190752415,1856.2,558.7,384.9,496.7,5.6,316.7,1652.3,591.8,1055.9,1072.2,465.1,,314.8,288.2,-26.6
INFY.NS,Infosys,Information Technology,2025,2025-03-31,424003.71190752415,1927.7,587.2,407.7,506.5,4.9,315.8,1741.9,616.4,1120.5,1135.9,501.2,,435.1,408.8,-26.3
INFY.NS,Infosys,Information Technology,2026,2026-03-31,424003.71190752415,2015.8,607.9,408.9,510.5,4.7,331.3,1644.6,660.6,978.6,1091.2,551.6,,403.9,373.3,-30.6
ITC.NS,ITC,FMCG,2022,2022-03-31,363291.946652606,,,,,,,,,,,,,,,
ITC.NS,ITC,FMCG,2023,2023-03-31,363291.946652606,70245.22,40784.7,23896.7,27767.33,43.2,19191.66,85882.98,16344.19,69155.26,39670.89,13739.41,11914.13,18877.55,16134.56,-2742.99
ITC.NS,ITC,FMCG,2024,2024-03-31,363291.946652606,67391.04,40045.2,23669.48,28255.78,39.11,20458.78,91826.16,16936.19,74507.0,41065.54,13690.4,14302.88,17178.86,13616.33,-3562.53
ITC.NS,ITC,FMCG,2025,2025-03-31,363291.946652606,74653.32,42277.22,24193.13,28922.58,45.06,34746.63,88090.68,17692.74,70030.05,43893.28,14334.11,15836.14,17627.04,15348.34,-2278.7
ITC.NS,ITC,FMCG,2026,2026-03-31,363291.946652606,78213.28,45211.82,25595.54,29829.09,85.17,20689.47,93792.38,20919.36,72507.3,50708.41,16687.27,18872.65,18464.31,16281.42,-2182.89
JSWSTEEL.NS,JSW Steel,Metals,2022,2022-03-31,300270.52217733953,,,,,,,,,,,,,,,
JSWSTEEL.NS,JSW Steel,Metals,2023,2023-03-31,300270.52217733953,163646.0,55480.0,13159.0,19389.0,6260.0,4144.0,211078.0,144039.0,65695.0,68150.0,69963.0,33135.0,23323.0,8539.0,-14784.0
JSWSTEEL.NS,JSW Steel,Metals,2024,2024-03-31,300270.52217733953,172588.0,62407.0,20496.0,29183.0,7631.0,8812.0,228198.0,148422.0,77669.0,64534.0,66065.0,37815.0,12078.0,-3723.0,-15801.0
JSWSTEEL.NS,JSW Steel,Metals,2025,2025-03-31,300270.52217733953,166575.0,67433.0,13595.0,22798.0,8412.0,3504.0,240742.0,159076.0,79496.0,70736.0,60626.0,34956.0,20899.0,8205.0,-12694.0
JSWSTEEL.NS,JSW Steel,Metals,2026,2026-03-31,300270.52217733953,182037.0,78492.0,20220.0,47953.0,9102.0,22316.0,269676.0,164201.0,100053.0,103435.0,69377.0,32765.0,25152.0,10498.0,-14654.0
KOTAKBANK.NS,Kotak Mahindra Bank,Financial Services,2022,2022-03-31,394625.99689125,,,,,,,,,,,,,,,
KOTAKBANK.NS,Kotak Mahindra Bank,Financial Services,2023,2023-03-31,394625.99689125,51857.2514,,,,14411.1322,14925.0096,620429.7348,508115.3365,112314.3983,,,,-1242.4301,-2229.1948,-986.7647
KOTAKBANK.NS,Kotak Mahindra Bank,Financial Services,2024,2024-03-31,394625.99689125,69669.5998,,,,22567.2371,18213.2075,767666.959,637695.269,129971.69,,,,15684.997,14558.3088,-1126.6882
KOTAKBANK.NS,Kotak Mahindra Bank,Financial Services,2025,2025-03-31,394625.99689125,74758.29,,,,28270.91,22125.99,879774.337,722284.9872,157489.3498,,,,16915.73,15702.88,-1212.85
KOTAKBANK.NS,Kotak Mahindra Bank,Financial Services,2026,2026-03-31,394625.99689125,78015.38,,,,29619.98,19287.89,1003352.79,822126.92,181225.87,,,,41726.52,40668.56,-1057.96
LT.NS,Larsen & Toubro,Construction,2022,2022-03-31,553951.1242483353,,,,,,,,,,,,,,,
LT.NS,Larsen & Toubro,Construction,2023,2023-03-31,553951.1242483353,181661.42,65046.15,19501.48,23670.91,3177.68,10470.72,330352.31,226785.09,89325.95,222204.32,162065.99,6828.78,22776.96,18633.17,-4143.79
LT.NS,Larsen & Toubro,Construction,2024,2024-03-31,553951.1242483353,219115.69,72903.31,21731.08,27728.32,3536.51,13059.11,340135.97,237586.31,86359.24,218588.6,177109.46,6620.19,18266.28,13749.75,-4516.53
LT.NS,Larsen & Toubro,Construction,2025,2025-03-31,553951.1242483353,254208.65,83039.76,26477.95,31007.85,3330.84,15037.11,379524.1,264120.42,97655.6,245341.71,201970.9,7670.55,9151.35,4732.52,-4418.83
LT.NS,Larsen & Toubro,Construction,2026,2026-03-31,553951.1242483353,284225.19,91176.35,27070.57,33167.45,2846.92,16083.99,452549.88,324019.42,109289.8,318311.32,254497.51,9530.93,16740.97,11931.78,-4809.19
M&M.NS,Mahindra & Mahindra,Automobile,2022,2022-03-31,376667.102867966,,,,,,,,,,,,,,,
M&M.NS,Mahindra & Mahindra,Automobile,2023,2023-03-31,376667.102867966,119040.38,44394.77,15988.61,24088.42,5699.49,10281.5,205891.77,138809.66,56365.79,91325.44,70579.41,16854.97,-7074.02,-13378.59,-6304.57
M&M.NS,Mahindra & Mahindra,Automobile,2024,2024-03-31,376667.102867966,135803.03,51601.08,19609.84,27848.04,7333.99,11268.64,236300.73,158791.39,66190.55,98265.64,75545.65,18590.47,-5629.95,-15575.94,-9945.99
M&M.NS,Mahindra & Mahindra,Automobile,2025,2025-03-31,376667.102867966,158749.75,63007.03,24014.31,34236.66,9083.39,12929.1,277586.27,188488.27,77038.86,126573.27,90322.01,20330.93,3175.81,-7216.14,-10391.95
M&M.NS,Mahindra & Mahindra,Automobile,2026,2026-03-31,376667.102867966,197792.78,74870.4,29393.62,42097.63,9590.85,17098.85,317634.64,208143.64,93096.35,147139.62,116098.56,22044.11,11657.36,2051.91,-9605.45
MARUTI.NS,Maruti Suzuki India,Automobile,2022,2022-03-31,451670.7378084,,,,,,,,,,,,,,,
MARUTI.NS,Maruti Suzuki India,Automobile,2023,2023-03-31,451670.7378084,113764.8,23283.3,8263.0,15536.5,252.3,8263.7,100385.4,25785.2,74600.2,15669.2,22766.7,5443.5,10814.6,2749.8,-8064.8
MARUTI.NS,Maruti Suzuki India,Automobile,2024,2024-03-31,451670.7378084,136483.8,30872.5,13405.6,22873.9,193.6,13488.2,115350.8,29714.8,85636.0,22633.8,25951.8,5318.1,16801.1,7601.2,-9199.9
MARUTI.NS,Maruti Suzuki India,Automobile,2025,2025-03-31,451670.7378084,150555.6,43439.7,14548.1,25422.4,194.2,14500.2,131971.8,35731.9,96239.9,29524.2,30570.5,6913.2,16180.0,5559.0,-10621.0
MARUTI.NS,Maruti Suzuki India,Automobile,2026,2026-03-31,451670.7378084,180350.1,48063.3,14714.5,26098.9,238.7,14679.5,148881.0,41724.7,107156.3,38957.4,36480.2,11320.6,19099.9,8702.3,-10397.6
NESTLEIND.NS,Nestle India,FMCG,2021,2021-12-31,281495.33384919725,14664.9,8180.49,3172.83,3450.02,201.68,2118.41,8234.13,6287.75,1946.38,2762.18,2764.74,1592.65,2236.0,1501.16,-734.84
NESTLEIND.NS,Nestle India,FMCG,2022,2022-12-31,281495.33384919725,16789.53,8890.61,3345.34,3813.55,154.57,2390.52,8978.74,6519.57,2459.17,3490.15,3079.75,1928.77,2737.43,2187.51,-549.92
NESTLEIND.NS,Nestle India,FMCG,2025,2025-03-31,281495.33384919725,20077.5,11127.84,4267.76,4970.29,136.0,3207.59,12193.32,8183.11,4010.21,3734.16,4685.35,2850.14,2934.53,925.89,-2008.64
NESTLEIND.NS,Nestle India,FMCG,2026,2026-03-31,281495.33384919725,,12469.55,4660.15,5362.01,123.83,,,,,,,,,,
NTPC.NS,NTPC,Power,2022,2022-03-31,345637.67618318065,,,,,,,,,,,,,,,
NTPC.NS,NTPC,Power,2023,2023-03-31,345637.67618318065,174076.15,62694.58,33222.68,50008.39,10885.53,16912.55,447913.25,296959.63,147023.17,69906.86,88770.13,14240.37,47151.78,22333.26,-24818.52
NTPC.NS,NTPC,Power,2024,2024-03-31,345637.67618318065,176719.61,65845.53,33149.69,55598.39,12253.31,20811.89,480196.57,315074.29,160709.27,83154.06,101055.34,18019.12,40099.19,9283.27,-30815.92
NTPC.NS,NTPC,Power,2025,2025-03-31,345637.67618318065,188138.06,81105.63,36726.38,59065.67,13168.07,23422.46,524164.59,333041.91,184071.16,93051.68,103639.49,18722.26,50487.84,9152.59,-41335.25
NTPC.NS,NTPC,Power,2026,2026-03-31,345637.67618318065,187384.63,89142.16,35656.42,60563.78,13800.89,27052.52,558643.56,347490.5,203175.67,94505.35,117122.54,18662.62,50901.81,6852.03,-44049.78
ONGC.NS,Oil & Natural Gas Corp,Oil & Gas,2022,2022-03-31,299209.3560284682,,,,,,,,,,,,,,,
ONGC.NS,Oil & Natural Gas Corp,Oil & Gas,2023,2023-03-31,299209.3560284682,629510.144,122262.82,67313.831,77668.867,7035.152,36709.334,642773.732,343180.303,284545.378,116765.231,134532.656,45962.393,86062.101,35131.849,-50930.252
ONGC.NS,Oil & Natural Gas Corp,Oil & Gas,2024,2024-03-31,299209.3560284682,598644.233,139997.066,77045.284,116886.564,11742.421,49143.926,741997.923,382373.669,339068.876,140220.746,169347.478,53792.779,98846.605,46727.794,-52118.811
ONGC.NS,Oil & Natural Gas Corp,Oil & Gas,2025,2025-03-31,299209.3560284682,663260.58,201507.39,114600.55,102138.83,14534.95,36225.62,758723.102,384487.985,343440.476,134796.542,166842.006,58956.33,90855.6,35181.33,-55674.27
ONGC.NS,Oil & Natural Gas Corp,Oil & Gas,2026,2026-03-31,299209.3560284682,662247.32,222522.06,134070.85,118042.47,13028.85,41424.38,791905.18,382211.9,371767.8,141939.38,168888.58,64918.27,112719.34,58728.86,-53990.48
POWERGRID.NS,Power Grid Corp,Power,2022,2022-03-31,267717.8866065531,,39472.55,,,,,,,,,,,,,
POWERGRID.NS,Power Grid Corp,Power,2023,2023-03-31,267717.8866065531,44005.22,42679.34,25520.66,39250.1,8463.67,15419.74,252273.06,169246.77,83026.29,25394.02,30971.09,1339.95,40202.87,31960.24,-8242.63
POWERGRID.NS,Power Grid Corp,Power,2024,2024-03-31,267717.8866065531,44202.75,42705.59,26807.62,41125.59,8944.98,15573.16,250890.52,163745.41,87145.11,26674.65,35820.32,1406.29,37289.5,25879.82,-11409.68
POWERGRID.NS,Power Grid Corp,Power,2025,2025-03-31,267717.8866065531,45792.32,42455.79,26161.22,40622.17,8700.13,15521.44,266107.19,173444.38,92662.81,29499.28,40605.53,1802.52,36221.82,12087.78,-24134.04
POWERGRID.NS,Power Grid Corp,Power,2026,2026-03-31,267717.8866065531,46732.87,,24949.39,38798.31,8447.58,15927.95,294727.26,194233.23,100494.03,33614.27,53798.35,2126.35,40930.58,3651.47,-37279.11
RELIANCE.NS,Reliance Industries,Energy,2022,2022-03-31,1764634.431604,,,,,,,,,,,,,,,
RELIANCE.NS,Reliance Industries,Energy,2023,2023-03-31,1764634.431604,877835.0,205937.0,102015.0,153307.0,18958.0,66702.0,1607431.0,778550.0,715872.0,425296.0,395743.0,140008.0,115032.0,-25956.0,-140988.0
RELIANCE.NS,Reliance Industries,Energy,2024,2024-03-31,1764634.431604,901064.0,226465.0,111666.0,176944.0,21772.0,69621.0,1755986.0,830198.0,793481.0,470100.0,397367.0,152770.0,158788.0,5905.0,-152883.0
RELIANCE.NS,Reliance Industries,Energy,2025,2025-03-31,1764634.431604,964693.0,242006.0,112462.0,181274.0,22121.0,69648.0,1950121.0,940493.0,843200.0,499270.0,453737.0,146062.0,178703.0,38736.0,-139967.0
RELIANCE.NS,Reliance Industries,Energy,2026,2026-03-31,1764634.431604,1057219.0,270395.0,121377.0,204906.0,24056.0,80775.0,2178140.0,1092274.0,904030.0,594249.0,541254.0,166941.0,192113.0,69197.0,-122916.0
SBILIFE.NS,SBI Life Insurance,Insurance,2022,2022-03-31,179449.62941794458,,,1582.7483,,21.9908,,,,,,,,,,
SBILIFE.NS,SBI Life Insurance,Insurance,2023,2023-03-31,179449.62941794458,80639.0392,,1783.2839,,24.8369,1720.5724,314599.1696,301581.6875,13017.4821,,,,,28592.8447,-63.2015
SBILIFE.NS,SBI Life Insurance,Insurance,2024,2024-03-31,179449.62941794458,130925.56,,1951.24,,9.13,1893.78,398277.25,383368.69,14908.56,,,,,29007.47,-114.39
SBILIFE.NS,SBI Life Insurance,Insurance,2025,2025-03-31,179449.62941794458,116919.89,,2506.11,,11.44,2413.3,457095.43,440110.08,16985.35,,,,,25440.46,-106.19
SBILIFE.NS,SBI Life Insurance,Insurance,2026,2026-03-31,179449.62941794458,112291.11,,,,,2470.3,500045.94,480959.94,19086.0,,,,,34337.67,-185.0
SBIN.NS,State Bank of India,Financial Services,2022,2022-03-31,959984.228944,,,,,,,,,,,,,,,
SBIN.NS,State Bank of India,Financial Services,2023,2023-03-31,959984.228944,270336.9068,,,,189980.8167,55648.1728,5954418.317,5582650.3795,358931.3181,,,,-86013.6796,-90057.3111,-4043.6315
SBIN.NS,State Bank of India,Financial Services,2024,2024-03-31,959984.228944,323613.5037,,,,259736.0481,67084.6661,6733778.7997,6303221.6658,414939.1715,,,,21632.431,17457.3048,-4175.1262
SBIN.NS,State Bank of India,Financial Services,2025,2025-03-31,959984.228944,349523.4156,,,,300943.3353,77561.3371,7314185.3408,6809122.7433,487036.7587,,,,45484.0086,39846.7845,-5637.2241
SBIN.NS,State Bank of India,Financial Services,2026,2026-03-31,959984.228944,381709.177,,,,315004.8084,83298.7824,8321568.5742,7706669.4225,596130.8694,,,,38097.39,29734.4318,-8362.9582
SHRIRAMFIN.NS,Shriram Finance,Financial Services,2022,2022-03-31,250256.0472696583,,,,,,,,,,,,,,,
SHRIRAMFIN.NS,Shriram Finance,Financial Services,2023,2023-03-31,250256.0472696583,16930.99,,,,12931.27,6011.04,210572.69,166773.15,43512.86,,,,-17625.25,-17821.84,-196.59
SHRIRAMFIN.NS,Shriram Finance,Financial Services,2024,2024-03-31,250256.0472696583,19083.4,,,,14802.6,7366.38,248266.31,198589.67,48947.12,,,,-31118.27,-31363.87,-245.6
SHRIRAMFIN.NS,Shriram Finance,Financial Services,2025,2025-03-31,250256.0472696583,21987.26,,,,18454.58,9553.82,293997.57,237527.75,56469.82,,,,-43651.9,-43906.49,-254.59
SHRIRAMFIN.NS,Shriram Finance,Financial Services,2026,2026-03-31,250256.0472696583,25034.27,,,,21521.02,10024.16,321374.52,255455.93,65918.59,,,,-13281.43,-13477.67,-196.24
SUNPHARMA.NS,Sun Pharmaceutical,Pharmaceuticals,2022,2022-03-31,457025.33680110273,,,,,,,,,,,,,,,
SUNPHARMA.NS,Sun Pharmaceutical,Pharmaceuticals,2023,2023-03-31,457025.33680110273,43278.87,31336.45,9277.36,12110.86,172.0,8473.58,80743.59,21428.12,55995.38,39883.34,19907.0,10513.05,4959.33,2873.75,-2085.58
SUNPHARMA.NS,Sun Pharmaceutical,Pharmaceuticals,2024,2024-03-31,457025.33680110273,47758.45,35688.79,10468.03,13883.15,238.47,9576.38,85499.65,18373.71,63666.75,43474.98,16984.4,9868.29,12134.98,9933.17,-2201.81
SUNPHARMA.NS,Sun Pharmaceutical,Pharmaceuticals,2025,2025-03-31,457025.33680110273,52041.25,41293.89,12510.77,16558.88,231.36,10929.04,92100.58,19614.63,72218.02,52624.47,18194.21,10243.33,14072.09,11943.51,-2128.58
SUNPHARMA.NS,Sun Pharmaceutical,Pharmaceuticals,2026,2026-03-31,457025.33680110273,58220.11,46676.43,13553.37,18395.64,338.91,11479.42,108785.22,24905.48,83570.09,63891.19,22622.04,11492.93,12419.18,8809.81,-3609.37
TATACONSUM.NS,Tata Consumer Products,FMCG,2022,2022-03-31,110513.68224530772,,,,,,,,,,,,,,,
TATACONSUM.NS,Tata Consumer Products,FMCG,2023,2023-03-31,110513.68224530772,13659.81,5368.62,1553.35,2184.8,87.16,1203.77,22811.13,5684.25,16276.71,8308.58,3924.68,2701.67,1461.29,1149.54,-311.75
TATACONSUM.NS,Tata Consumer Products,FMCG,2024,2024-03-31,110513.68224530772,15098.51,6299.15,1910.19,2202.68,129.81,1150.33,28020.94,10584.81,16056.79,7426.63,6210.29,2769.35,1936.68,1601.99,-334.69
TATACONSUM.NS,Tata Consumer Products,FMCG,2025,2025-03-31,110513.68224530772,17508.41,7175.25,1879.76,2667.49,290.2,1278.47,31977.68,10587.38,20001.08,8969.65,5868.3,3599.91,2056.65,1597.11,-459.54
TATACONSUM.NS,Tata Consumer Products,FMCG,2026,2026-03-31,110513.68224530772,20170.61,7978.25,2174.06,2936.49,137.03,1542.3,34452.96,11264.1,21787.53,10317.09,6605.63,3526.76,2421.85,1973.28,-448.57
TATASTEEL.NS,Tata Steel,Metals,2022,2022-03-31,236715.6714818658,,,,,,,,,,,,,,,
TATASTEEL.NS,Tata Steel,Metals,2023,2023-03-31,236715.6714818658,241636.25,95596.12,21307.15,33875.23,6298.7,8760.4,288021.74,182846.53,103082.1,86665.54,97295.13,54415.33,21683.08,7540.59,-14142.49
TATASTEEL.NS,Tata Steel,Metals,2024,2024-03-31,236715.6714818658,227296.2,91718.96,12381.71,16248.89,7507.57,-4437.44,273423.5,180990.76,92035.76,70548.25,98403.48,49157.51,20300.67,2094.07,-18206.6
TATASTEEL.NS,Tata Steel,Metals,2025,2025-03-31,236715.6714818658,216840.35,93741.48,14877.12,26180.21,7340.95,3420.51,279394.8,188042.02,91169.63,68391.54,86093.56,44589.94,23137.58,7467.06,-15670.52
TATASTEEL.NS,Tata Steel,Metals,2026,2026-03-31,236715.6714818658,230293.47,107200.99,22397.93,35092.76,7167.06,10793.87,301254.11,197473.66,102167.65,72520.17,96917.64,47249.22,35064.46,20505.41,-14559.05
TCS.NS,Tata Consultancy Services,Information Technology,2022,2022-03-31,757446.6218933,,,,,,,,,,,,,,,
TCS.NS,Tata Consultancy Services,Information Technology,2023,2023-03-31,757446.6218933,225458.0,105699.0,54377.0,62708.0,779.0,42147.0,143651.0,52445.0,90424.0,110270.0,43558.0,28.0,41965.0,38865.0,-3100.0
TCS.NS,Tata Consultancy Services,Information Technology,2024,2024-03-31,757446.6218933,240893.0,108022.0,59425.0,67760.0,778.0,45908.0,146449.0,55130.0,90489.0,112984.0,46104.0,28.0,44338.0,41664.0,-2674.0
TCS.NS,Tata Consultancy Services,Information Technology,2025,2025-03-31,757446.6218933,255324.0,109641.0,62293.0,71369.0,796.0,48553.0,159629.0,63858.0,94756.0,123011.0,53001.0,21.0,48908.0,44971.0,-3937.0
TCS.NS,Tata Consultancy Services,Information Technology,2026,2026-03-31,757446.6218933,267021.0,120418.0,67022.0,72274.0,1227.0,49210.0,182372.0,73894.0,107240.0,135705.0,60914.0,29.0,52094.0,47948.0,-4146.0
TECHM.NS,Tech Mahindra,Information Technology,2022,2022-03-31,124909.80444963784,,,,,,,,,,,,,,,
TECHM.NS,Tech Mahindra,Information Technology,2023,2023-03-31,124909.80444963784,53290.2,14571.2,6249.6,8727.8,325.6,4831.3,46153.3,17758.6,27924.5,24432.7,13321.0,23.6,5572.0,4556.8,-1015.2
TECHM.NS,Tech Mahindra,Information Technology,2024,2024-03-31,124909.80444963784,51995.6,12968.0,3422.3,5433.7,392.2,2357.8,43423.6,16276.8,26669.4,23425.3,12616.6,37.5,6376.4,5585.3,-791.1
TECHM.NS,Tech Mahindra,Information Technology,2025,2025-03-31,124909.80444963784,52988.3,14168.2,5167.5,7827.8,321.7,4251.5,44494.5,16702.8,27361.5,23679.2,12674.0,39.4,5785.7,5192.2,-593.5
TECHM.NS,Tech Mahindra,Information Technology,2026,2026-03-31,124909.80444963784,56815.4,16021.5,7387.9,8792.1,337.4,4810.9,49369.4,19292.4,29615.4,27574.7,14497.5,104.2,6172.0,5476.3,-695.7
TITAN.NS,Titan Company,Consumer Durables,2022,2022-03-31,395719.76960115135,,,,,,,,,,,,,,,
TITAN.NS,Titan Company,Consumer Durables,2023,2023-03-31,395719.76960115135,40447.0,10036.0,4480.0,5188.0,300.0,3250.0,27023.0,15119.0,11851.0,22407.0,13264.0,16584.0,1370.0,938.0,-432.0
TITAN.NS,Titan Company,Consumer Durables,2024,2024-03-31,395719.76960115135,50936.0,11447.0,4723.0,5826.0,619.0,3496.0,31550.0,22157.0,9393.0,25608.0,16529.0,19051.0,1695.0,1004.0,-691.0
TITAN.NS,Titan Company,Consumer Durables,2025,2025-03-31,395719.76960115135,57143.0,9687.0,5001.0,6181.0,953.0,3337.0,40647.0,29023.0,11624.0,34434.0,25793.0,28184.0,-541.0,-1035.0,-494.0
TITAN.NS,Titan Company,Consumer Durables,2026,2026-03-31,395719.76960115135,76797.0,6490.0,7529.0,8807.0,1180.0,5073.0,60561.0,44858.0,15703.0,50781.0,39793.0,42743.0,5590.0,4688.0,-902.0
TRENT.NS,Trent,Retail,2022,2022-03-31,178131.5876794067,,,,,,,,,,,,,,,
TRENT.NS,Trent,Retail,2023,2023-03-31,178131.5876794067,8112.33,3319.89,613.43,1415.64,369.15,444.63,8081.53,5418.56,2595.49,2377.78,1093.98,1361.16,594.88,91.48,-503.4
TRENT.NS,Trent,Retail,2024,2024-03-31,178131.5876794067,12205.31,5159.39,1283.92,2911.77,319.1,1486.8,7161.75,3059.16,4067.74,3109.85,1541.47,1582.73,1348.98,612.03,-736.95
TRENT.NS,Trent,Retail,2025,2025-03-31,178131.5876794067,16873.72,7029.49,1903.99,3064.24,138.59,1546.72,9419.64,3836.28,5461.74,3673.45,2010.69,2045.05,1660.9,392.71,-1268.19
TRENT.NS,Trent,Retail,2026,2026-03-31,178131.5876794067,19850.11,8491.19,2378.22,3766.75,168.35,1719.65,11728.58,4620.62,6984.68,4058.3,3210.99,2289.01,2667.62,904.77,-1762.85
ULTRACEMCO.NS,UltraTech Cement,Cement,2022,2022-03-31,344855.0631105,,,,,,,,,,,,,,,
ULTRACEMCO.NS,UltraTech Cement,Cement,2023,2023-03-31,344855.0631105,62337.6,49510.35,7577.15,11066.19,761.95,5063.96,91386.96,37006.79,54324.54,20742.9,23431.79,6611.83,9068.51,2868.4,-6200.11
ULTRACEMCO.NS,UltraTech Cement,Cement,2024,2024-03-31,344855.0631105,69809.53,54487.4,9668.29,13527.3,959.78,7005.0,100802.01,40518.59,60227.48,23158.37,26905.96,8329.74,10897.54,1891.95,-9005.59
ULTRACEMCO.NS,UltraTech Cement,Cement,2025,2025-03-31,344855.0631105,75955.13,62251.4,8542.5,13193.62,1650.54,6039.11,133697.16,59803.8,70706.77,23737.2,32364.97,9562.98,10673.43,1544.1,-9129.33
ULTRACEMCO.NS,UltraTech Cement,Cement,2026,2026-03-31,344855.0631105,88511.53,71323.17,12375.77,17443.36,1871.71,8165.64,141376.05,60663.61,76623.54,25247.44,33831.7,9694.28,15315.86,5638.09,-9677.77
WIPRO.NS,Wipro,Information Technology,2022,2022-03-31,174172.07494495017,,,,,,,,,,,,,,,
WIPRO.NS,Wipro,Information Technology,2023,2023-03-31,174172.07494495017,90487.6,25943.0,13513.4,18888.3,782.4,11350.0,117582.2,39406.9,78116.4,66109.6,26775.3,118.8,13060.1,11576.7,-1483.4
WIPRO.NS,Wipro,Information Technology,2024,2024-03-31,174172.07494495017,89760.3,26610.6,13575.9,18954.1,826.0,11045.2,115245.9,40123.6,74988.3,65066.2,25245.8,90.7,17621.6,16570.6,-1051.0
WIPRO.NS,Wipro,Information Technology,2025,2025-03-31,174172.07494495017,89088.4,27308.2,15068.6,21378.3,924.7,13135.4,128652.0,45607.3,82830.9,77777.5,28625.3,69.4,16942.6,15438.9,-1503.7
WIPRO.NS,Wipro,Information Technology,2026,2026-03-31,174172.07494495017,92624.0,27004.8,14912.6,21043.8,790.9,13197.4,141926.2,53138.5,88536.8,82635.4,40323.2,51.7,14931.6,13371.3,-1560.3
